##var,id,name_key,category,base_price,stackable
##type,int,string,ItemCategory,int,bool
,1001,ITEM_NAME_BAIT_WORM,Bait,5,true
,1002,ITEM_NAME_BAIT_SHRIMP,Bait,12,true
,1003,ITEM_NAME_BAIT_GOLD_LURE,Bait,40,true
,2001,ITEM_NAME_ROD_WOOD,Rod,100,false
,2002,ITEM_NAME_ROD_BAMBOO,Rod,350,false
,2003,ITEM_NAME_ROD_STEEL,Rod,900,false
,3001,ITEM_NAME_FISH_NILOTICA,Fish,30,true
,3002,ITEM_NAME_FISH_CATFISH,Fish,35,true
,3003,ITEM_NAME_FISH_STRIPED_SNAKEHEAD,Fish,60,true
,3004,ITEM_NAME_FISH_GIANT_SNAKEHEAD,Fish,90,true
,3005,ITEM_NAME_FISH_CLIMBING_PERCH,Fish,25,true
,3006,ITEM_NAME_FISH_ROHU,Fish,45,true
,3007,ITEM_NAME_FISH_MARBLE_GOBY,Fish,140,true
,3008,ITEM_NAME_FISH_GOLDEN_CARP,Fish,400,true
,4001,ITEM_NAME_SEED_TOMATO,Seed,20,true
,4002,ITEM_NAME_SEED_CARROT,Seed,30,true
,4003,ITEM_NAME_SEED_PUMPKIN,Seed,45,true
,5001,ITEM_NAME_CROP_TOMATO,Crop,12,true
,5002,ITEM_NAME_CROP_CARROT,Crop,18,true
,5003,ITEM_NAME_CROP_PUMPKIN,Crop,28,true
,6001,ITEM_NAME_MATERIAL_SALT,Material,3,true
,6002,ITEM_NAME_MATERIAL_FISH_SAUCE,Material,5,true
,6003,ITEM_NAME_MATERIAL_HERB,Material,8,true
,7001,ITEM_NAME_FOOD_GRILLED_FISH,Food,55,true
,7002,ITEM_NAME_FOOD_GRILLED_FISH_GREAT,Food,90,true
,7003,ITEM_NAME_FOOD_FISH_SOUP,Food,80,true
,7004,ITEM_NAME_FOOD_FISH_SOUP_GREAT,Food,130,true
,7005,ITEM_NAME_FOOD_SPICY_FISH,Food,110,true
,7006,ITEM_NAME_FOOD_SPICY_FISH_GREAT,Food,170,true
